NECE Sample ID,GPS N,GPS W,Coordinates,Collection Date,Manifest Collection Location,Phenotypic Species,"Genotypic Species 
(based on Arginine kinase)",989 qPCR,1016I qPCR,1534 qPCR,989 NGS,1016 NGS,1534 NGS,Picture,Comments
NIMS-GH-2400001,18 31 21.3,072 23 16.3,"18.522583, -72.387861",11/7/2018,La Salle,Ae. aegypti,Ae. aegypti,S/S,R/R,R/R,S/S,R/R,R/R,No,
NIMS-GH-2400007,18 31 21.3,072 23 16.3,"18.522583, -72.387861",11/7/2018,La Salle,Ae. aegypti,Ae. aegypti,S/S,R/R,R/R,S/S,R/R,R/R,No,
NIMS-GH-2400010,18 31 21.3,072 23 16.3,"18.522583, -72.387861",11/7/2018,La Salle,Ae. aegypti,Ae. aegypti,S/S,S/R,R/R,S/S,S/R,R/R,No,
NIMS-GH-2400013,18 31 21.3,072 23 16.3,"18.522583, -72.387861",11/7/2018,La Salle,Ae. aegypti,Ae. aegypti,S/S,R/R,R/R,S/S,R/R,R/R,No,
NIMS-GH-2400018,18 31 21.3,072 23 16.3,"18.522583, -72.387861",11/7/2018,La Salle,Ae. aegypti,Ae. aegypti,S/S,S/R,R/R,S/S,S/R,R/R,No,
NIMS-GH-2400021,18 31 21.3,072 23 16.3,"18.522583, -72.387861",11/7/2018,La Salle,Ae. aegypti,Ae. aegypti,S/S,R/R,R/R,S/S,R/R,R/R,No,
NIMS-GH-2400025,18 27 38.7,072 38 50.7,"18.460750, -72.647417",9/24/2018,Ti Cousin,Ae. aegypti,Ae. aegypti,S/S,R/R,R/R,S/S,R/R,R/R,No,
NIMS-GH-2400029,18 27 38.7,072 38 50.7,"18.460750, -72.647417",9/24/2018,Ti Cousin,Ae. aegypti,Ae. aegypti,S/S,S/R,R/R,S/S,S/R,R/R,No,
NIMS-GH-2400033,18 31 21.9,072 33 38.4,"18.522750, -72.560667",5/28/2019,La Salle,Ae. aegypti,Ae. aegypti,S/S,R/R,R/R,S/S,R/R,R/R,Yes,
NIMS-GH-2400034,18 31 21.9,072 33 38.4,"18.522750, -72.560667",5/28/2019,La Salle,Ae. aegypti,Ae. aegypti,S/S,R/R,R/R,S/S,R/R,R/R,Yes,
NIMS-GH-2400035,18 31 21.9,072 33 38.4,"18.522750, -72.560667",5/28/2019,La Salle,Ae. aegypti,Ae. aegypti,S/S,R/R,R/R,S/S,R/R,R/R,Yes,
NIMS-GH-2400036,18 31 21.9,072 33 38.4,"18.522750, -72.560667",5/28/2019,La Salle,Ae. aegypti,Ae. aegypti,S/S,R/R,R/R,S/S,R/R,R/R,Yes,
NIMS-GH-2400037,18 31 21.9,072 33 38.4,"18.522750, -72.560667",5/28/2019,La Salle,Ae. aegypti,Ae. aegypti,S/S,R/R,R/R,S/S,R/R,R/R,Yes,
NIMS-GH-2400038,18 31 21.9,072 33 38.4,"18.522750, -72.560667",5/28/2019,La Salle,Ae. aegypti,Ae. aegypti,S/S,R/R,R/R,S/S,R/R,R/R,Yes,
NIMS-GH-2400039,18 31 21.9,072 33 38.4,"18.522750, -72.560667",5/28/2019,La Salle,Ae. aegypti,Ae. aegypti,S/S,R/R,R/R,S/S,R/R,R/R,Yes,
NIMS-GH-2400040,18 31 21.9,072 33 38.4,"18.522750, -72.560667",5/28/2019,La Salle,Ae. aegypti,Ae. aegypti,S/S,R/R,R/R,S/S,R/R,R/R,Yes,
NIMS-GH-2400041,18 31 21.9,072 33 38.4,"18.522750, -72.560667",5/28/2019,La Salle,Ae. aegypti,Ae. aegypti,S/S,R/R,R/R,S/S,R/R,R/R,Yes,
NIMS-GH-2400042,18 31 21.9,072 33 38.4,"18.522750, -72.560667",5/28/2019,La Salle,Ae. aegypti,Ae. aegypti,S/S,R/R,R/R,S/S,R/R,R/R,Yes,
NIMS-GH-2400043,18 31 21.9,072 33 38.4,"18.522750, -72.560667",5/28/2019,La Salle,Ae. aegypti,Ae. aegypti,S/S,R/R,R/R,S/S,R/R,R/R,Yes,
NIMS-GH-2400044,18 31 21.9,072 33 38.4,"18.522750, -72.560667",5/28/2019,La Salle,Ae. aegypti,Ae. aegypti,S/S,S/R,R/R,S/S,S/R,R/R,Yes,
NIMS-GH-2400045,18 31 21.9,072 33 38.4,"18.522750, -72.560667",5/28/2019,La Salle,Ae. aegypti,Ae. aegypti,S/S,R/R,R/R,S/S,R/R,R/R,Yes,
NIMS-GH-2400046,18 31 21.9,072 33 38.4,"18.522750, -72.560667",5/28/2019,La Salle,Ae. aegypti,Ae. aegypti,S/S,R/R,R/R,S/S,R/R,R/R,Yes,
NIMS-GH-2400047,18 31 21.9,072 33 38.4,"18.522750, -72.560667",5/28/2019,La Salle,Ae. aegypti,Ae. aegypti,S/S,R/R,R/R,S/S,R/R,R/R,Yes,
NIMS-GH-2400048,18 31 21.9,072 33 38.4,"18.522750, -72.560667",5/28/2019,La Salle,Ae. aegypti,Ae. aegypti,S/S,R/R,R/R,S/S,R/R,R/R,Yes,
NIMS-GH-2400049,18 27 38.7,072 38 50.7,"18.460750, -72.647417",6/10/2019,Ti Cousin,Ae. aegypti,Ae. aegypti,S/S,R/R,R/R,S/S,R/R,R/R,Yes,
NIMS-GH-2400050,18 27 38.7,072 38 50.7,"18.460750, -72.647417",6/10/2019,Ti Cousin,Ae. aegypti,Ae. aegypti,S/S,S/R,R/R,S/S,S/R,R/R,Yes,
NIMS-GH-2400051,18 27 38.7,072 38 50.7,"18.460750, -72.647417",6/10/2019,Ti Cousin,Ae. aegypti,Ae. aegypti,S/S,R/R,R/R,S/S,R/R,R/R,Yes,
NIMS-GH-2400053,18 27 38.7,072 38 50.7,"18.460750, -72.647417",6/10/2019,Ti Cousin,Ae. aegypti,Ae. aegypti,S/S,S/R,R/R,S/S,S/R,R/R,Yes,
NIMS-GH-2400054,18 27 38.7,072 38 50.7,"18.460750, -72.647417",6/10/2019,Ti Cousin,Ae. aegypti,Ae. aegypti,S/S,R/R,R/R,S/S,R/R,R/R,Yes,
NIMS-GH-2400056,18 27 38.7,072 38 50.7,"18.460750, -72.647417",6/10/2019,Ti Cousin,Ae. aegypti,Ae. aegypti,S/S,R/R,R/R,S/S,R/R,R/R,Yes,
NIMS-GH-2400057,18 27 38.7,072 38 50.7,"18.460750, -72.647417",6/10/2019,Ti Cousin,Ae. aegypti,Ae. aegypti,S/S,R/R,R/R,S/S,?,?,Yes,No reads aligned at this position
NIMS-GH-2400058,18 27 38.7,072 38 50.7,"18.460750, -72.647417",6/10/2019,Ti Cousin,Ae. aegypti,Ae. aegypti,S/S,R/R,R/R,S/S,R/R,R/R,Yes,
NIMS-GH-2400059,18 27 38.7,072 38 50.7,"18.460750, -72.647417",6/10/2019,Ti Cousin,Ae. aegypti,Ae. aegypti,S/S,R/R,R/R,S/S,R/R,R/R,Yes,
NIMS-GH-2400061,18 27 38.7,072 38 50.7,"18.460750, -72.647417",6/10/2019,Ti Cousin,Ae. aegypti,,S/S,R/R,R/R,,,,Yes,
NIMS-GH-2400062,18 27 38.7,072 38 50.7,"18.460750, -72.647417",6/10/2019,Ti Cousin,Ae. aegypti,,S/S,R/R,R/R,,,,Yes,
NIMS-GH-2400063,18 27 38.7,072 38 50.7,"18.460750, -72.647417",6/10/2019,Ti Cousin,Ae. aegypti,,S/S,R/R,R/R,,,,Yes,
NIMS-GH-2400064,18 27 38.7,072 38 50.7,"18.460750, -72.647417",6/10/2019,Ti Cousin,Ae. aegypti,,S/S,R/R,R/R,,,,Yes,
NIMS-GH-2400065,18 27 38.7,072 38 50.7,"18.460750, -72.647417",6/10/2019,Ti Cousin,Ae. aegypti,,S/S,R/R,R/R,,,,Yes,
NIMS-GH-2400067,18 27 39.4,072 39 14.6,"18.460944, -72.654056",2/13/2019,Darbonne,Ae. aegypti,Ae. aegypti,S/S,S/R,R/R,S/S,S/R,R/R,Yes,
NIMS-GH-2400068,18 28 27.05,072 32 34.41,"18.474194, -72.542889",3/18/2019,Janjan,Ae. aegypti,,S/S,R/R,R/R,,,,Yes,
NIMS-GH-2400077,18 27 39.4,072 39 14.6,"18.460944, -72.654056",2/12/2019,Darbonne,Ae. aegypti,Ae. aegypti,S/S,R/R,R/R,S/S,S/R,R/R,Yes,V1016I is only 80% mutant
NIMS-GH-2400079,18 27 39.4,072 39 14.6,"18.460944, -72.654056",2/12/2019,Darbonne,Ae. aegypti,Ae. aegypti,S/S,R/R,R/R,S/S,R/R,R/R,Yes,
NIMS-GH-2400080,18 27 39.4,072 39 14.6,"18.460944, -72.654056",2/11/2019,Darbonne,Ae. aegypti,Ae. aegypti,S/S,R/R,R/R,S/S,R/R,R/R,Yes,
NIMS-GH-2400081,18 27 39.4,072 39 14.6,"18.460944, -72.654056",2/11/2019,Darbonne,Ae. aegypti,Ae. aegypti,S/S,S/R,R/R,S/S,S/R,R/R,Yes,
NIMS-GH-2400082,18 27 39.4,072 39 14.6,"18.460944, -72.654056",2/11/2019,Darbonne,Ae. aegypti,Ae. aegypti,S/S,R/R,R/R,S/S,R/R,R/R,Yes,
NIMS-GH-2400083,18 27 39.4,072 39 14.6,"18.460944, -72.654056",2/11/2019,Darbonne,Ae. aegypti,Ae. aegypti,S/S,R/R,R/R,S/S,R/R,R/R,Yes,
NIMS-GH-2400084,18 31 21.3,072 23 16.3,"18.522583, -72.387861",2/25/2019,La Salle,Ae. aegypti,,S/S,R/R,R/R,,,,Yes,
NIMS-GH-2400085,18 31 21.3,072 23 16.3,"18.522583, -72.387861",2/25/2019,La Salle,Ae. aegypti,,S/S,S/R,R/R,,,,Yes,
NIMS-GH-2400103,18 28 27.05,072 32 34.41,"18.474194, -72.542889",8/5/2019,Janjan,Ae. aegypti,,S/S,R/R,R/R,,,,Yes,
NIMS-GH-2400104,18 28 27.05,072 32 34.41,"18.474194, -72.542889",8/5/2019,Janjan,Ae. aegypti,,S/S,R/R,R/R,,,,Yes,
NIMS-GH-2400105,18 28 27.05,072 32 34.41,"18.474194, -72.542889",8/5/2019,Janjan,Ae. aegypti,,S/S,R/R,R/R,,,,Yes,
NIMS-GH-2400106,18 28 27.05,072 32 34.41,"18.474194, -72.542889",8/5/2019,Janjan,Ae. aegypti,,S/S,R/R,R/R,,,,Yes,
NIMS-GH-2400107,18 28 27.05,072 32 34.41,"18.474194, -72.542889",8/5/2019,Janjan,Ae. aegypti,,S/S,S/R,R/R,,,,Yes,
NIMS-GH-2400108,18 28 27.05,072 32 34.41,"18.474194, -72.542889",8/5/2019,Janjan,Ae. aegypti,,S/S,R/R,R/R,,,,Yes,
NIMS-GH-2400109,18 28 27.05,072 32 34.41,"18.474194, -72.542889",8/5/2019,Janjan,Ae. aegypti,,S/S,R/R,R/R,,,,Yes,
NIMS-GH-2400110,18 28 27.05,072 32 34.41,"18.474194, -72.542889",8/5/2019,Janjan,Ae. aegypti,,S/S,R/R,R/R,,,,Yes,
NIMS-GH-2400111,18 28 27.05,072 32 34.41,"18.474194, -72.542889",8/5/2019,Janjan,Ae. aegypti,,S/S,R/R,R/R,,,,Yes,
NIMS-GH-2400112,18 28 27.05,072 32 34.41,"18.474194, -72.542889",8/5/2019,Janjan,Ae. aegypti,,S/S,R/R,R/R,,,,Yes,
NIMS-GH-2400113,18 27 38.7,072 38 50.7,"18.460750, -72.647417",8/12/2019,Ti Cousin,Ae. aegypti,Ae. aegypti,S/S,R/R,R/R,S/S,R/R,R/R,Yes,
NIMS-GH-2400114,18 27 38.7,072 38 50.7,"18.460750, -72.647417",8/12/2019,Ti Cousin,Ae. aegypti,,S/S,R/R,R/R,,,,Yes,
NIMS-GH-2400115,18 27 38.7,072 38 50.7,"18.460750, -72.647417",8/12/2019,Ti Cousin,Ae. aegypti,,S/S,R/R,R/R,,,,Yes,
NIMS-GH-2400116,18 27 38.7,072 38 50.7,"18.460750, -72.647417",8/27/2019,Ti Cousin,Ae. aegypti,,S/S,R/R,R/R,,,,Yes,
NIMS-GH-2400117,18 27 38.7,072 38 50.7,"18.460750, -72.647417",8/27/2019,Ti Cousin,Ae. aegypti,,S/S,R/R,R/R,,,,Yes,
NIMS-GH-2400118,18 27 38.7,072 38 50.7,"18.460750, -72.647417",8/27/2019,Ti Cousin,Ae. aegypti,Ae. aegypti,S/S,R/R,R/R,S/S,R/R,R/R,Yes,
NIMS-GH-2400119,18 27 38.7,072 38 50.7,"18.460750, -72.647417",8/27/2019,Ti Cousin,Ae. aegypti,Ae. aegypti,S/S,R/R,R/R,S/S,R/R,R/R,Yes,
NIMS-GH-2400120,18 27 38.7,072 38 50.7,"18.460750, -72.647417",8/12/2019,Ti Cousin,Ae. aegypti,,S/S,R/R,R/R,,,,Yes,
NIMS-GH-2400121,18 27 38.7,072 38 50.7,"18.460750, -72.647417",8/12/2019,Ti Cousin,Ae. aegypti,,S/S,R/R,R/R,,,,Yes,
NIMS-GH-2400122,28 27 38.7,82 38 50.7,"27.460750, -81.647417",10/8/2018,La Salle,Ae. aegypti,,S/S,R/R,R/R,,,,Yes,
NIMS-GH-2400123,24 27 38.7,78 38 50.7,"24.460750, -78.647417",10/29/2018,La Salle,Ae. aegypti,,S/S,S/R,R/R,,,,Yes,
NIMS-GH-2400124,24 27 38.7,78 38 50.7,"24.460750, -78.647417",10/29/2018,La Salle,Ae. aegypti,,S/S,S/R,S/R,,,,Yes,
NIMS-GH-2400125,24 27 38.7,78 38 50.7,"24.460750, -78.647417",10/29/2018,La Salle,Ae. aegypti,,S/S,S/R,R/R,,,,Yes,
NIMS-GH-2400126,18 27 38.7,072 38 50.7,"18.460750, -72.647417",10/22/2018,Ti Cousin,Ae. aegypti,Ae. aegypti,S/S,R/R,R/R,S/S,R/R,R/R,Yes,
NIMS-GH-2400127,18 27 38.7,072 38 50.7,"18.460750, -72.647417",10/22/2018,Ti Cousin,Ae. aegypti,Ae. aegypti,S/S,R/R,R/R,S/S,R/R,R/R,Yes,
NIMS-GH-2400128,18 27 38.7,072 38 50.7,"18.460750, -72.647417",10/22/2018,Ti Cousin,Ae. aegypti,Ae. aegypti,S/S,S/R,R/R,S/S,S/R,R/R,Yes,
NIMS-GH-2400129,27 27 38.7,81 38 50.7,"27.460750, -81.647417",10/3/2018,La Salle,Ae. aegypti,,S/S,S/S,R/R,,,,Yes,
NIMS-GH-2400130,18 28 27.05,072 32 34.41,"18.474194, -72.542889",6/18/2019,Janjan,Ae. aegypti,,S/S,R/R,R/R,,,,Yes,
NIMS-GH-2400131,18 28 27.05,072 32 34.41,"18.474194, -72.542889",6/18/2019,Janjan,Ae. aegypti,,S/S,R/R,R/R,,,,Yes,
NIMS-GH-2400132,18 28 27.05,072 32 34.41,"18.474194, -72.542889",6/18/2019,Janjan,Ae. aegypti,,S/S,R/R,R/R,,,,Yes,
NIMS-GH-2400133,18 28 27.05,072 32 34.41,"18.474194, -72.542889",6/18/2019,Janjan,Ae. aegypti,,S/S,R/R,R/R,,,,Yes,
NIMS-GH-2400134,18 28 27.05,072 32 34.41,"18.474194, -72.542889",6/18/2019,Janjan,Ae. aegypti,,S/S,S/R,R/R,,,,Yes,
NIMS-GH-2400135,18 28 27.05,072 32 34.41,"18.474194, -72.542889",6/18/2019,Janjan,Ae. aegypti,,S/S,R/R,R/R,,,,Yes,
NIMS-GH-2400136,18 28 27.05,072 32 34.41,"18.474194, -72.542889",6/18/2019,Janjan,Ae. aegypti,,S/S,S/R,R/R,,,,Yes,
NIMS-GH-2400137,18 28 27.05,072 32 34.41,"18.474194, -72.542889",6/18/2019,Janjan,Ae. aegypti,,S/S,R/R,R/R,,,,Yes,
NIMS-GH-2400138,18 28 27.05,072 32 34.41,"18.474194, -72.542889",6/18/2019,Janjan,Ae. aegypti,,S/S,R/R,R/R,,,,Yes,
NIMS-GH-2400139,18 28 27.05,072 32 34.41,"18.474194, -72.542889",6/18/2019,Janjan,Ae. aegypti,,S/S,R/R,R/R,,,,Yes,
NIMS-GH-2400141,18 31 21.3,072 23 16.3,"18.522583, -72.387861",1/28/2019,La Salle,Ae. aegypti,,S/S,S/R,R/R,,,,Yes,
NIMS-GH-2400142,18 31 21.3,072 23 16.3,"18.522583, -72.387861",1/28/2019,La Salle,Ae. aegypti,,S/S,R/R,R/R,,,,Yes,
NIMS-GH-2400143,18 31 21.3,072 23 16.3,"18.522583, -72.387861",1/28/2019,La Salle,Ae. aegypti,,S/S,S/R,R/R,,,,Yes,
NIMS-GH-2400144,18 31 21.3,072 23 16.3,"18.522583, -72.387861",1/28/2019,La Salle,Ae. aegypti,,S/S,R/R,R/R,,,,Yes,
NIMS-GH-2400145,18 31 21.3,072 23 16.3,"18.522583, -72.387861",2/27/2019,La Salle,Ae. aegypti,,S/S,R/R,R/R,,,,Yes,
NIMS-GH-2400146,18 31 21.3,072 23 16.3,"18.522583, -72.387861",2/27/2019,La Salle,Ae. aegypti,,S/S,R/R,R/R,,,,Yes,
NIMS-GH-2400147,18 28 27.05,072 32 34.41,"18.474194, -72.542889",6/17/2019,Janjan,Ae. aegypti,,S/S,S/S,R/R,,,,Yes,
NIMS-GH-2400148,18 31 21.3,072 23 16.3,"18.522583, -72.387861",2/27/2019,La Salle,Ae. aegypti,,S/S,R/R,R/R,,,,Yes,
NIMS-GH-2400149,18 31 21.3,072 23 16.3,"18.522583, -72.387861",2/27/2019,La Salle,Ae. aegypti,,S/S,S/S,R/R,,,,Yes,
NIMS-GH-2400150,18 31 21.3,072 23 16.3,"18.522583, -72.387861",2/27/2019,La Salle,Ae. aegypti,,S/S,S/R,R/R,,,,Yes,
NIMS-GH-2400151,18 28 27.05,072 32 34.41,"18.474194, -72.542889",6/11/2019,Janjan,Ae. aegypti,,S/S,S/R,R/R,,,,Yes,
NIMS-GH-2400152,18 28 27.05,072 32 34.41,"18.474194, -72.542889",6/4/2019,Janjan,Ae. aegypti,,S/S,R/R,R/R,,,,Yes,
NIMS-GH-2400153,18 28 27.05,072 32 34.41,"18.474194, -72.542889",6/4/2019,Janjan,Ae. aegypti,,S/S,R/R,R/R,,,,Yes,
NIMS-GH-2400154,18 27 38.7,072 38 50.7,"18.460750, -72.647417",3/12/2019,Ti Cousin,Ae. aegypti,Ae. aegypti,S/S,R/R,R/R,S/S,R/R,R/R,Yes,
NIMS-GH-2400155,18 31 21.9,072 33 38.4,"18.522750, -72.560667",7/31/2019,La Salle,Ae. aegypti,Ae. aegypti,S/S,R/R,R/R,S/S,R/R,R/R,Yes,
NIMS-GH-2400156,18 27 38.7,072 38 50.7,"18.460750, -72.647417",7/22/2019,Ti Cousin,Ae. aegypti,,S/S,S/R,S/R,,,,Yes,
NIMS-GH-2400157,18 31 21.3,072 23 16.3,"18.522583, -72.387861",6/18/2019,La Salle,Ae. aegypti,,S/S,S/R,R/R,,,,Yes,
NIMS-GH-2400158,18 31 21.3,072 23 16.3,"18.522583, -72.387861",6/18/2019,La Salle,Ae. aegypti,,S/S,R/R,R/R,,,,Yes,
NIMS-GH-2400160,18 31 21.3,072 23 16.3,"18.522583, -72.387861",6/18/2019,La Salle,Ae. aegypti,,S/S,S/R,R/R,,,,Yes,
NIMS-GH-2400161,18 31 21.3,072 23 16.3,"18.522583, -72.387861",6/18/2019,La Salle,Ae. aegypti,,S/S,S/R,R/R,,,,Yes,
NIMS-GH-2400162,18 31 21.3,072 23 16.3,"18.522583, -72.387861",6/18/2019,La Salle,Ae. aegypti,,S/S,R/R,R/R,,,,Yes,
NIMS-GH-2400163,18 31 21.3,072 23 16.3,"18.522583, -72.387861",6/18/2019,La Salle,Ae. aegypti,,S/S,R/R,R/R,,,,Yes,
NIMS-GH-2400164,18 31 21.3,072 23 16.3,"18.522583, -72.387861",6/18/2019,La Salle,Ae. aegypti,,S/S,R/R,R/R,,,,Yes,
NIMS-GH-2400165,18 31 21.3,072 23 16.3,"18.522583, -72.387861",6/18/2019,La Salle,Ae. aegypti,,S/S,S/R,R/R,,,,Yes,
NIMS-GH-2400166,18 31 21.3,072 23 16.3,"18.522583, -72.387861",6/18/2019,La Salle,Ae. aegypti,,S/S,R/R,R/R,,,,Yes,
NIMS-GH-2400167,18 31 21.3,072 23 16.3,"18.522583, -72.387861",6/18/2019,La Salle,Ae. aegypti,,S/S,S/R,R/R,,,,Yes,
NIMS-GH-2400168,18 31 21.3,072 23 16.3,"18.522583, -72.387861",6/18/2019,La Salle,Ae. aegypti,,S/S,S/R,R/R,,,,Yes,
NIMS-GH-2400169,18 31 21.3,072 23 16.3,"18.522583, -72.387861",6/18/2019,La Salle,Ae. aegypti,,S/S,R/R,R/R,,,,Yes,
NIMS-GH-2400170,18 31 21.3,072 23 16.3,"18.522583, -72.387861",6/18/2019,La Salle,Ae. aegypti,,S/S,R/R,R/R,,,,Yes,
NIMS-GH-2400171,18 31 21.3,072 23 16.3,"18.522583, -72.387861",6/18/2019,La Salle,Ae. aegypti,,S/S,R/R,R/R,,,,Yes,
NIMS-GH-2400172,18 27 38.7,072 38 50.7,"18.460750, -72.647417",5/14/2019,Ti Cousin,Ae. aegypti,,S/S,S/R,R/R,,,,Yes,
NIMS-GH-2400173,18 27 38.7,072 38 50.7,"18.460750, -72.647417",5/14/2019,Ti Cousin,Ae. aegypti,,S/S,R/R,R/R,,,,Yes,
NIMS-GH-2400174,18 27 38.7,072 38 50.7,"18.460750, -72.647417",5/14/2019,Ti Cousin,Ae. aegypti,,S/S,S/R,R/R,,,,Yes,
NIMS-GH-2400175,18 27 38.7,072 38 50.7,"18.460750, -72.647417",5/14/2019,Ti Cousin,Ae. aegypti,,S/S,S/R,R/R,,,,Yes,
NIMS-GH-2400176,18 27 38.7,072 38 50.7,"18.460750, -72.647417",5/14/2019,Ti Cousin,Ae. aegypti,Ae. aegypti,S/S,R/R,R/R,S/S,R/R,R/R,Yes,
NIMS-GH-2400177,18 27 38.7,072 38 50.7,"18.460750, -72.647417",5/14/2019,Ti Cousin,Ae. aegypti,,S/S,R/R,R/R,,,,Yes,
NIMS-GH-2400178,18 27 38.7,072 38 50.7,"18.460750, -72.647417",5/14/2019,Ti Cousin,Ae. aegypti,Ae. aegypti,S/S,S/R,R/R,S/S,S/R,R/R,Yes,V1016I is only 21% mutant
NIMS-GH-2400179,18 27 38.7,072 38 50.7,"18.460750, -72.647417",5/14/2019,Ti Cousin,Ae. aegypti,,S/S,R/R,R/R,,,,Yes,
NIMS-GH-2400180,18 27 38.7,072 38 50.7,"18.460750, -72.647417",5/28/2019,Ti Cousin,Ae. aegypti,Ae. aegypti,S/S,R/R,R/R,S/S,R/R,R/R,Yes,
NIMS-GH-2400181,18 27 38.7,072 38 50.7,"18.460750, -72.647417",5/28/2019,Ti Cousin,Ae. aegypti,,S/S,R/R,R/R,,,,Yes,
NIMS-GH-2400182,18 27 38.7,072 38 50.7,"18.460750, -72.647417",5/28/2019,Ti Cousin,Ae. aegypti,Ae. aegypti,S/S,R/R,R/R,S/S,R/R,R/R,Yes,
NIMS-GH-2400183,18 27 38.7,072 38 50.7,"18.460750, -72.647417",5/28/2019,Ti Cousin,Ae. aegypti,,S/S,R/R,R/R,,,,Yes,
NIMS-GH-2400184,18 31 21.9,072 33 38.4,"18.522750, -72.560667",5/28/2019,La Salle,Ae. aegypti,Ae. aegypti,S/S,S/R,R/R,S/S,S/R,R/R,Yes,
NIMS-GH-2400185,18 31 21.9,072 33 38.4,"18.522750, -72.560667",5/28/2019,La Salle,Ae. aegypti,,S/S,R/R,R/R,,,,Yes,
NIMS-GH-2400186,18 31 21.9,072 33 38.4,"18.522750, -72.560667",5/28/2019,La Salle,Ae. aegypti,Ae. aegypti,S/S,R/R,R/R,S/S,R/R,R/R,Yes,
NIMS-GH-2400187,18 31 21.9,072 33 38.4,"18.522750, -72.560667",5/28/2019,La Salle,Ae. aegypti,Ae. aegypti,S/S,R/R,R/R,S/S,R/R,R/R,Yes,
NIMS-GH-2400188,18 31 21.9,072 33 38.4,"18.522750, -72.560667",5/28/2019,La Salle,Ae. aegypti,Ae. aegypti,S/S,S/R,R/R,S/S,S/R,R/R,Yes,
NIMS-GH-2400189,18 31 21.9,072 33 38.4,"18.522750, -72.560667",5/28/2019,La Salle,Ae. aegypti,Ae. aegypti,S/S,R/R,R/R,S/S,R/R,R/R,Yes,
NIMS-GH-2400190,18 31 21.9,072 33 38.4,"18.522750, -72.560667",5/28/2019,La Salle,Ae. aegypti,,S/S,R/R,R/R,,,,Yes,
NIMS-GH-2400191,18 31 21.9,072 33 38.4,"18.522750, -72.560667",5/28/2019,La Salle,Ae. aegypti,,S/S,R/R,R/R,,,,Yes,
NIMS-GH-2400192,18 31 21.9,072 33 38.4,"18.522750, -72.560667",5/28/2019,La Salle,Ae. aegypti,Ae. aegypti,S/S,R/R,R/R,S/S,R/R,R/R,Yes,
NIMS-GH-2400193,18 31 21.9,072 33 38.4,"18.522750, -72.560667",5/28/2019,La Salle,Ae. aegypti,Ae. aegypti,S/S,R/R,R/R,S/S,R/R,R/R,Yes,
NIMS-GH-2400194,18 31 21.9,072 33 38.4,"18.522750, -72.560667",5/28/2019,La Salle,Ae. aegypti,Ae. aegypti,S/S,S/R,R/R,S/S,S/R,R/R,Yes,
NIMS-GH-2400195,18 31 21.9,072 33 38.4,"18.522750, -72.560667",5/28/2019,La Salle,Ae. aegypti,Ae. aegypti,S/S,R/R,R/R,S/S,R/R,R/R,Yes,
NIMS-GH-2400196,18 31 21.9,072 33 38.4,"18.522750, -72.560667",5/28/2019,La Salle,Ae. aegypti,,S/S,R/R,R/R,,,,Yes,
NIMS-GH-2400197,18 31 21.9,072 33 38.4,"18.522750, -72.560667",5/28/2019,La Salle,Ae. aegypti,Ae. aegypti,S/S,R/R,R/R,S/S,R/R,R/R,Yes,
NIMS-GH-2400198,18 31 21.3,072 23 16.3,"18.522583, -72.387861",6/4/2019,La Salle,Ae. aegypti,,S/S,R/R,R/R,,,,Yes,
NIMS-GH-2400199,18 31 21.3,072 23 16.3,"18.522583, -72.387861",6/4/2019,La Salle,Ae. aegypti,,S/S,R/R,R/R,,,,Yes,
NIMS-GH-2400200,18 31 21.3,072 23 16.3,"18.522583, -72.387861",6/4/2019,La Salle,Ae. aegypti,,S/S,R/R,R/R,,,,Yes,
NIMS-GH-2400201,18 31 21.3,072 23 16.3,"18.522583, -72.387861",6/4/2019,La Salle,Ae. aegypti,,S/S,S/R,R/R,,,,Yes,
NIMS-GH-2400202,18 31 21.3,072 23 16.3,"18.522583, -72.387861",6/4/2019,La Salle,Ae. aegypti,,S/S,R/R,R/R,,,,Yes,
NIMS-GH-2400203,18 31 21.3,072 23 16.3,"18.522583, -72.387861",6/4/2019,La Salle,Ae. aegypti,,S/S,S/R,R/R,,,,Yes,
NIMS-GH-2400204,18 31 21.3,072 23 16.3,"18.522583, -72.387861",6/4/2019,La Salle,Ae. aegypti,,S/S,R/R,R/R,,,,Yes,
NIMS-GH-2400205,18 27 38.7,072 38 50.7,"18.460750, -72.647417",5/15/2019,Ti Cousin,Ae. aegypti,Ae. aegypti,S/S,R/R,R/R,S/S,R/R,R/R,Yes,
NIMS-GH-2400206,18 27 38.7,072 38 50.7,"18.460750, -72.647417",5/15/2019,Ti Cousin,Ae. aegypti,,S/S,R/R,R/R,,,,Yes,
NIMS-GH-2400207,18 27 38.7,072 38 50.7,"18.460750, -72.647417",6/25/2019,Ti Cousin,Ae. aegypti,Ae. aegypti,S/S,R/R,R/R,S/S,R/R,R/R,Yes,
NIMS-GH-2400208,18 27 38.7,072 38 50.7,"18.460750, -72.647417",6/25/2019,Ti Cousin,Ae. aegypti,,S/S,S/R,R/R,,,,Yes,
NIMS-GH-2400209,18 27 38.7,072 38 50.7,"18.460750, -72.647417",6/25/2019,Ti Cousin,Ae. aegypti,,S/S,R/R,R/R,,,,Yes,
NIMS-GH-2400210,18 31 21.9,072 33 38.4,"18.522750, -72.560667",7/30/2019,La Salle,Ae. aegypti,Ae. aegypti,S/S,S/R,R/R,S/S,S/R,R/R,Yes,
NIMS-GH-2400211,18 31 21.9,072 33 38.4,"18.522750, -72.560667",7/30/2019,La Salle,Ae. aegypti,Ae. aegypti,S/S,R/R,R/R,S/S,R/R,R/R,Yes,
NIMS-GH-2400212,18 31 21.9,072 33 38.4,"18.522750, -72.560667",7/30/2019,La Salle,Ae. aegypti,Ae. aegypti,S/S,R/R,R/R,S/S,R/R,R/R,Yes,
NIMS-GH-2400213,18 27 38.7,072 38 50.7,"18.460750, -72.647417",9/10/2018,Ti Cousin,Ae. aegypti,Ae. aegypti,S/S,S/R,R/R,S/S,S/R,R/R,Yes,
NIMS-GH-2400214,18 27 38.7,072 38 50.7,"18.460750, -72.647417",9/10/2018,Ti Cousin,Ae. aegypti,Ae. aegypti,S/S,R/R,R/R,S/S,R/R,R/R,Yes,
NIMS-GH-2400215,18 27 38.7,072 38 50.7,"18.460750, -72.647417",9/10/2018,Ti Cousin,Ae. aegypti,Ae. aegypti,S/S,R/R,R/R,S/S,R/R,R/R,Yes,
NIMS-GH-2400216,18 27 38.7,072 38 50.7,"18.460750, -72.647417",9/10/2018,Ti Cousin,Ae. aegypti,Ae. aegypti,S/S,S/R,R/R,S/S,S/R,R/R,Yes,
NIMS-GH-2400217,18 27 38.7,072 38 50.7,"18.460750, -72.647417",9/10/2018,Ti Cousin,Ae. aegypti,Ae. aegypti,S/S,S/S,R/R,S/S,S/S,R/R,Yes,
NIMS-GH-2400218,18 27 38.7,072 38 50.7,"18.460750, -72.647417",5/29/2019,Ti Cousin,Ae. aegypti,,S/S,R/R,R/R,,,,Yes,
NIMS-GH-2400219,18 27 38.7,072 38 50.7,"18.460750, -72.647417",5/29/2019,Ti Cousin,Ae. aegypti,,S/S,R/R,R/R,,,,Yes,
NIMS-GH-2400220,18 31 21.9,072 33 38.4,"18.522750, -72.560667",7/17/2019,La Salle,Ae. aegypti,,S/S,R/R,R/R,,,,Yes,
NIMS-GH-2400221,18 27 38.7,072 38 50.7,"18.460750, -72.647417",5/13/2019,Ti Cousin,Ae. aegypti,,S/S,S/R,R/R,,,,Yes,
NIMS-GH-2400222,18 27 38.7,072 38 50.7,"18.460750, -72.647417",5/13/2019,Ti Cousin,Ae. aegypti,,S/S,R/R,R/R,,,,Yes,
NIMS-GH-2400223,18 27 38.7,072 38 50.7,"18.460750, -72.647417",5/13/2019,Ti Cousin,Ae. aegypti,,S/S,R/R,R/R,,,,Yes,
NIMS-GH-2400225,18 31 21.3,072 23 16.3,"18.522583, -72.387861",7/2/2019,La Salle,Ae. aegypti,,S/S,S/R,R/R,,,,Yes,
NIMS-GH-2400226,18 31 21.3,072 23 16.3,"18.522583, -72.387861",7/2/2019,La Salle,Ae. aegypti,,S/S,S/R,R/R,,,,Yes,
NIMS-GH-2400227,18 31 21.3,072 23 16.3,"18.522583, -72.387861",7/2/2019,La Salle,Ae. aegypti,,S/S,R/R,R/R,,,,Yes,
NIMS-GH-2400228,18 31 21.3,072 23 16.3,"18.522583, -72.387861",7/2/2019,La Salle,Ae. aegypti,,S/S,R/R,R/R,,,,Yes,
NIMS-GH-2400229,18 31 21.3,072 23 16.3,"18.522583, -72.387861",7/2/2019,La Salle,Ae. aegypti,,S/S,S/R,R/R,,,,Yes,
NIMS-GH-2400230,18 31 21.3,072 23 16.3,"18.522583, -72.387861",7/2/2019,La Salle,Ae. aegypti,,S/S,S/R,R/R,,,,Yes,
NIMS-GH-2400231,18 27 38.7,072 38 50.7,"18.460750, -72.647417",10/24/2018,Ti Cousin,Ae. aegypti,,S/S,S/R,R/R,,,,Yes,
NIMS-GH-2400232,18 27 38.7,072 38 50.7,"18.460750, -72.647417",10/24/2018,Ti Cousin,Ae. aegypti,,S/S,S/R,R/R,,,,Yes,
NIMS-GH-2400233,18 27 38.7,072 38 50.7,"18.460750, -72.647417",10/24/2018,Ti Cousin,Ae. aegypti,,S/S,S/R,R/R,,,,Yes,
NIMS-GH-2400234,18 27 38.7,072 38 50.7,"18.460750, -72.647417",7/13/2019,Ti Cousin,Ae. aegypti,,S/S,R/R,R/R,,,,Yes,
NIMS-GH-2400235,18 27 38.7,072 38 50.7,"18.460750, -72.647417",7/13/2019,Ti Cousin,Ae. aegypti,,S/S,S/R,R/R,,,,Yes,
NIMS-GH-2400236,18 31 21.3,072 23 16.3,"18.522583, -72.387861",7/2/2019,La Salle,Ae. aegypti,,S/S,R/R,R/R,,,,Yes,
NIMS-GH-2400237,18 31 21.3,072 23 16.3,"18.522583, -72.387861",7/16/2019,La Salle,Ae. aegypti,,S/S,R/R,R/R,,,,Yes,
NIMS-GH-2400238,18 27 38.7,072 38 50.7,"18.460750, -72.647417",10/24/2018,Ti Cousin,Ae. aegypti,,S/S,R/R,R/R,,,,Yes,
NIMS-GH-2400239,18 27 38.7,072 38 50.7,"18.460750, -72.647417",10/24/2018,Ti Cousin,Ae. aegypti,,S/S,S/S,S/R,,,,Yes,
NIMS-GH-2400240,18 27 38.7,072 38 50.7,"18.460750, -72.647417",10/24/2018,Ti Cousin,Ae. aegypti,,S/S,S/S,S/R,,,,Yes,
NIMS-GH-2400241,18 27 38.7,072 38 50.7,"18.460750, -72.647417",10/24/2018,Ti Cousin,Ae. aegypti,,S/S,R/R,R/R,,,,Yes,
NIMS-GH-2400242,18 27 38.7,072 38 50.7,"18.460750, -72.647417",10/24/2018,Ti Cousin,Ae. aegypti,,S/S,R/R,R/R,,,,Yes,
NIMS-GH-2400243,18 27 38.7,072 38 50.7,"18.460750, -72.647417",10/24/2018,Ti Cousin,Ae. aegypti,,S/S,R/R,R/R,,,,Yes,
NIMS-GH-2400244,18 27 38.7,072 38 50.7,"18.460750, -72.647417",10/24/2018,Ti Cousin,Ae. aegypti,,S/S,S/R,R/R,,,,Yes,
NIMS-GH-2400245,18 27 38.7,072 38 50.7,"18.460750, -72.647417",10/24/2018,Ti Cousin,Ae. aegypti,,S/S,S/R,R/R,,,,Yes,
NIMS-GH-2400246,18 27 38.7,072 38 50.7,"18.460750, -72.647417",10/24/2018,Ti Cousin,Ae. aegypti,,S/S,S/R,R/R,,,,Yes,
NIMS-GH-2400247,18 27 38.7,072 38 50.7,"18.460750, -72.647417",10/24/2018,Ti Cousin,Ae. aegypti,,S/S,S/R,R/R,,,,Yes,
NIMS-GH-2400248,18 31 21.3,072 23 16.3,"18.522583, -72.387861",8/5/2019,La Salle,Ae. aegypti,,S/S,R/R,R/R,,,,Yes,
NIMS-GH-2400249,18 31 21.3,072 23 16.3,"18.522583, -72.387861",8/5/2019,La Salle,Ae. aegypti,,S/S,S/R,S/R,,,,Yes,
NIMS-GH-2400250,18 31 21.3,072 23 16.3,"18.522583, -72.387861",8/7/2019,La Salle,Ae. aegypti,,S/S,R/R,R/R,,,,Yes,
NIMS-GH-2400251,18 31 21.3,072 23 16.3,"18.522583, -72.387861",8/5/2019,La Salle,Ae. aegypti,,S/S,R/R,R/R,,,,Yes,
NIMS-GH-2400252,18 31 21.3,072 23 16.3,"18.522583, -72.387861",8/5/2019,La Salle,Ae. aegypti,,S/S,R/R,R/R,,,,Yes,
NIMS-GH-2400253,18 31 21.3,072 23 16.3,"18.522583, -72.387861",8/5/2019,La Salle,Ae. aegypti,,S/S,R/R,R/R,,,,Yes,
NIMS-GH-2400254,18 31 21.3,072 23 16.3,"18.522583, -72.387861",8/5/2019,La Salle,Ae. aegypti,,S/S,R/R,R/R,,,,Yes,
NIMS-GH-2400255,18 31 21.3,072 23 16.3,"18.522583, -72.387861",8/5/2019,La Salle,Ae. aegypti,,S/S,R/R,R/R,,,,Yes,
NIMS-GH-2400256,18 31 21.3,072 23 16.3,"18.522583, -72.387861",8/5/2019,La Salle,Ae. aegypti,,S/S,R/R,R/R,,,,Yes,
NIMS-GH-2400257,18 31 21.3,072 23 16.3,"18.522583, -72.387861",8/5/2019,La Salle,Ae. aegypti,,S/S,S/R,R/R,,,,Yes,
NIMS-GH-2400258,18 27 38.7,072 38 50.7,"18.460750, -72.647417",10/10/2018,Ti Cousin,Ae. aegypti,,S/S,S/R,R/R,,,,Yes,
NIMS-GH-2400259,18 31 21.3,072 23 16.3,"18.522583, -72.387861",8/7/2019,La Salle,Ae. aegypti,,S/S,S/R,R/R,,,,Yes,
NIMS-GH-2400260,18 31 21.3,072 23 16.3,"18.522583, -72.387861",8/7/2019,La Salle,Ae. aegypti,,S/S,R/R,R/R,,,,Yes,
NIMS-GH-2400261,18 31 21.3,072 23 16.3,"18.522583, -72.387861",8/7/2019,La Salle,Ae. aegypti,,S/S,R/R,R/R,,,,Yes,
NIMS-GH-2400262,18 31 21.3,072 23 16.3,"18.522583, -72.387861",8/7/2019,La Salle,Ae. aegypti,,S/S,R/R,R/R,,,,Yes,
NIMS-GH-2400263,18 31 21.3,072 23 16.3,"18.522583, -72.387861",8/7/2019,La Salle,Ae. aegypti,,S/S,R/R,R/R,,,,Yes,
NIMS-GH-2400264,18 31 21.3,072 23 16.3,"18.522583, -72.387861",8/7/2019,La Salle,Ae. aegypti,,S/S,R/R,R/R,,,,Yes,
NIMS-GH-2400265,18 31 21.3,072 23 16.3,"18.522583, -72.387861",8/19/2019,La Salle,Ae. aegypti,,S/S,R/R,R/R,,,,Yes,
NIMS-GH-2400266,18 28 27.05,072 32 34.41,"18.474194, -72.542889",8/26/2019,Janjan,Ae. aegypti,,S/S,R/R,R/R,,,,Yes,
NIMS-GH-2400267,18 28 27.05,072 32 34.41,"18.474194, -72.542889",8/26/2019,Janjan,Ae. aegypti,,S/S,R/R,S/R,,,,Yes,
NIMS-GH-2400268,18 28 27.05,072 32 34.41,"18.474194, -72.542889",8/26/2019,Janjan,Ae. aegypti,,S/S,R/R,R/R,,,,Yes,
NIMS-GH-2400269,18 28 27.05,072 32 34.41,"18.474194, -72.542889",8/26/2019,Janjan,Ae. aegypti,,S/S,R/R,R/R,,,,Yes,
NIMS-GH-2400270,18 28 27.05,072 32 34.41,"18.474194, -72.542889",8/26/2019,Janjan,Ae. aegypti,,S/S,R/R,R/R,,,,Yes,
NIMS-GH-2400271,18 28 27.05,072 32 34.41,"18.474194, -72.542889",8/26/2019,Janjan,Ae. aegypti,,S/S,R/R,R/R,,,,Yes,
NIMS-GH-2400272,18 28 27.05,072 32 34.41,"18.474194, -72.542889",8/26/2019,Janjan,Ae. aegypti,,S/S,R/R,R/R,,,,Yes,
NIMS-GH-2400273,18 27 38.7,072 38 50.7,"18.460750, -72.647417",7/12/2019,Ti Cousin,Ae. aegypti,,S/S,R/R,R/R,,,,Yes,
NIMS-GH-2400274,18 27 38.7,072 38 50.7,"18.460750, -72.647417",7/12/2019,Ti Cousin,Ae. aegypti,,S/S,R/R,R/R,,,,Yes,
NIMS-GH-2400275,18 27 38.7,072 38 50.7,"18.460750, -72.647417",7/12/2019,Ti Cousin,Ae. aegypti,,S/S,R/R,R/R,,,,Yes,
NIMS-GH-2400276,18 27 38.7,072 38 50.7,"18.460750, -72.647417",7/12/2019,Ti Cousin,Ae. aegypti,,S/S,R/R,R/R,,,,Yes,
NIMS-GH-2400277,18 28 27.05,072 32 34.41,"18.474194, -72.542889",8/5/2019,Janjan,Ae. aegypti,,S/S,R/R,R/R,,,,Yes,
NIMS-GH-2400278,18 28 27.05,072 32 34.41,"18.474194, -72.542889",8/5/2019,Janjan,Ae. aegypti,,S/S,R/R,R/R,,,,Yes,
NIMS-GH-2400279,18 28 27.05,072 32 34.41,"18.474194, -72.542889",8/5/2019,Janjan,Ae. aegypti,,S/S,S/R,R/R,,,,Yes,
NIMS-GH-2400280,18 27 38.7,072 38 50.7,"18.460750, -72.647417",7/13/2019,Ti Cousin,Ae. aegypti,,S/S,R/R,R/R,,,,Yes,
NIMS-GH-2400281,18 27 38.7,072 38 50.7,"18.460750, -72.647417",7/13/2019,Ti Cousin,Ae. aegypti,,S/S,R/R,R/R,,,,Yes,
NIMS-GH-2400282,18 27 38.7,072 38 50.7,"18.460750, -72.647417",7/13/2019,Ti Cousin,Ae. aegypti,,S/S,S/R,R/R,,,,Yes,
NIMS-GH-2400283,18 27 38.7,072 38 50.7,"18.460750, -72.647417",7/13/2019,Ti Cousin,Ae. aegypti,,S/S,R/R,R/R,,,,Yes,
NIMS-GH-2400284,18 27 38.7,072 38 50.7,"18.460750, -72.647417",7/13/2019,Ti Cousin,Ae. aegypti,,S/S,S/R,R/R,,,,Yes,
NIMS-GH-2400285,18 28 27.05,072 32 34.41,"18.474194, -72.542889",8/5/2019,Janjan,Ae. aegypti,,S/S,R/R,R/R,,,,Yes,
NIMS-GH-2400286,18 28 27.05,072 32 34.41,"18.474194, -72.542889",8/5/2019,Janjan,Ae. aegypti,,S/S,R/R,R/R,,,,Yes,
NIMS-GH-2400287,18 28 27.05,072 32 34.41,"18.474194, -72.542889",8/5/2019,Janjan,Ae. aegypti,,S/S,R/R,R/R,,,,Yes,
NIMS-GH-2400288,18 28 27.05,072 32 34.41,"18.474194, -72.542889",8/5/2019,Janjan,Ae. aegypti,,S/S,R/R,R/R,,,,Yes,
NIMS-GH-2400289,18 28 27.05,072 32 34.41,"18.474194, -72.542889",8/5/2019,Janjan,Ae. aegypti,,S/S,R/R,R/R,,,,Yes,
NIMS-GH-2400290,18 28 27.05,072 32 34.41,"18.474194, -72.542889",8/5/2019,Janjan,Ae. aegypti,,S/S,R/R,R/R,,,,Yes,
NIMS-GH-2400291,18 28 27.05,072 32 34.41,"18.474194, -72.542889",8/5/2019,Janjan,Ae. aegypti,,S/S,R/R,R/R,,,,Yes,
NIMS-GH-2400292,18 27 38.7,072 38 50.7,"18.460750, -72.647417",6/11/2019,Ti Cousin,Ae. aegypti,,S/S,S/R,R/R,,,,Yes,
NIMS-GH-2400293,18 27 38.7,072 38 50.7,"18.460750, -72.647417",6/11/2019,Ti Cousin,Ae. aegypti,,S/S,S/R,R/R,,,,Yes,
NIMS-GH-2400294,18 27 38.7,072 38 50.7,"18.460750, -72.647417",6/11/2019,Ti Cousin,Ae. aegypti,,S/S,R/R,R/R,,,,Yes,
NIMS-GH-2400295,18 27 38.7,072 38 50.7,"18.460750, -72.647417",6/11/2019,Ti Cousin,Ae. aegypti,,S/S,S/R,R/R,,,,Yes,
NIMS-GH-2400296,18 27 38.7,072 38 50.7,"18.460750, -72.647417",6/11/2019,Ti Cousin,Ae. aegypti,,S/S,S/R,R/R,,,,Yes,
NIMS-GH-2400297,18 27 38.7,072 38 50.7,"18.460750, -72.647417",6/11/2019,Ti Cousin,Ae. aegypti,,S/S,R/R,R/R,,,,Yes,
NIMS-GH-2400298,18 27 38.7,072 38 50.7,"18.460750, -72.647417",6/11/2019,Ti Cousin,Ae. aegypti,,S/S,S/R,R/R,,,,Yes,
NIMS-GH-2400299,18 27 38.7,072 38 50.7,"18.460750, -72.647417",6/11/2019,Ti Cousin,Ae. aegypti,,S/S,S/R,R/R,,,,Yes,
NIMS-GH-2400300,18 27 38.7,072 38 50.7,"18.460750, -72.647417",6/11/2019,Ti Cousin,Ae. aegypti,,S/S,R/R,R/R,,,,Yes,
NIMS-GH-2400301,18 31 21.9,072 33 38.4,"18.522750, -72.560667",7/15/2019,La Salle,Ae. aegypti,Ae. aegypti,S/S,S/R,S/R,S/S,S/R,S/R,Yes,
NIMS-GH-2400302,18 31 21.9,072 33 38.4,"18.522750, -72.560667",7/15/2019,La Salle,Ae. aegypti,Ae. aegypti,S/S,S/R,R/R,S/S,S/R,R/R,Yes,
NIMS-GH-2400303,18 31 21.9,072 33 38.4,"18.522750, -72.560667",7/15/2019,La Salle,Ae. aegypti,Ae. aegypti,S/S,R/R,R/R,S/S,R/R,R/R,Yes,
NIMS-GH-2400304,18 31 21.9,072 33 38.4,"18.522750, -72.560667",7/15/2019,La Salle,Ae. aegypti,Ae. aegypti,S/S,R/R,R/R,S/S,R/R,R/R,Yes,
NIMS-GH-2400305,18 31 21.9,072 33 38.4,"18.522750, -72.560667",7/15/2019,La Salle,Ae. aegypti,Ae. aegypti,S/S,S/R,R/R,S/S,S/R,R/R,Yes,
NIMS-GH-2400306,18 31 21.9,072 33 38.4,"18.522750, -72.560667",7/15/2019,La Salle,Ae. aegypti,Ae. aegypti,S/S,R/R,R/R,S/S,R/R,R/R,Yes,
NIMS-GH-2400307,18 27 38.7,072 38 50.7,"18.460750, -72.647417",6/25/2019,Ti Cousin,Ae. aegypti,,S/S,R/R,R/R,,,,Yes,
NIMS-GH-2400308,18 27 38.7,072 38 50.7,"18.460750, -72.647417",6/25/2019,Ti Cousin,Ae. aegypti,,S/S,R/R,R/R,,,,Yes,
NIMS-GH-2400309,18 27 38.7,072 38 50.7,"18.460750, -72.647417",10/10/2018,Ti Cousin,Ae. aegypti,,S/S,R/R,R/R,,,,Yes,
NIMS-GH-2400310,18 31 21.9,072 33 38.4,"18.522750, -72.560667",5/27/2019,La Salle,Ae. aegypti,Ae. aegypti,S/S,R/R,R/R,S/S,R/R,R/R,Yes,
NIMS-GH-2400311,18 31 21.9,072 33 38.4,"18.522750, -72.560667",5/27/2019,La Salle,Ae. aegypti,Ae. aegypti,S/S,R/R,R/R,S/S,R/R,R/R,Yes,
NIMS-GH-2400312,18 27 38.7,072 38 50.7,"18.460750, -72.647417",6/26/2019,Ti Cousin,Ae. aegypti,,S/S,S/R,S/R,,,,Yes,
NIMS-GH-2400313,18 31 21.3,072 23 16.3,"18.522583, -72.387861",6/3/2019,La Salle,Ae. aegypti,,S/S,R/R,R/R,,,,Yes,
NIMS-GH-2400314,18 31 21.3,072 23 16.3,"18.522583, -72.387861",6/3/2019,La Salle,Ae. aegypti,,S/S,R/R,R/R,,,,Yes,
NIMS-GH-2400315,18 31 21.3,072 23 16.3,"18.522583, -72.387861",6/3/2019,La Salle,Ae. aegypti,,S/S,R/R,R/R,,,,Yes,
NIMS-GH-2400317,18 31 21.3,072 23 16.3,"18.522583, -72.387861",6/3/2019,La Salle,Ae. aegypti,,S/S,R/R,R/R,,,,Yes,
NIMS-GH-2400319,18 27 38.7,072 38 50.7,"18.460750, -72.647417",3/25/2019,Ti Cousin,Ae. aegypti,,S/S,R/R,R/R,,,,Yes,
NIMS-GH-2400320,18 27 38.7,072 38 50.7,"18.460750, -72.647417",3/25/2019,Ti Cousin,Ae. aegypti,,S/S,S/R,R/R,,,,Yes,
NIMS-GH-2400321,18 27 38.7,072 38 50.7,"18.460750, -72.647417",3/25/2019,Ti Cousin,Ae. aegypti,,S/S,R/R,R/R,,,,Yes,
NIMS-GH-2400322,18 27 38.7,072 38 50.7,"18.460750, -72.647417",3/25/2019,Ti Cousin,Ae. aegypti,,S/S,R/R,R/R,,,,Yes,
NIMS-GH-2400323,18 27 38.7,072 38 50.7,"18.460750, -72.647417",3/25/2019,Ti Cousin,Ae. aegypti,,S/S,R/R,R/R,,,,Yes,
NIMS-GH-2400324,18 27 38.7,072 38 50.7,"18.460750, -72.647417",3/25/2019,Ti Cousin,Ae. aegypti,,S/S,R/R,R/R,,,,Yes,
NIMS-GH-2400325,18 27 38.7,072 38 50.7,"18.460750, -72.647417",3/25/2019,Ti Cousin,Ae. aegypti,,S/S,R/R,R/R,,,,Yes,
NIMS-GH-2400326,18 27 38.7,072 38 50.7,"18.460750, -72.647417",3/25/2019,Ti Cousin,Ae. aegypti,,S/S,R/R,R/R,,,,Yes,
NIMS-GH-2400327,18 27 38.7,072 38 50.7,"18.460750, -72.647417",3/25/2019,Ti Cousin,Ae. aegypti,,S/S,R/R,R/R,,,,Yes,
NIMS-GH-2400328,18 27 38.7,072 38 50.7,"18.460750, -72.647417",3/27/2019,Ti Cousin,Ae. aegypti,,S/S,S/S,R/R,,,,Yes,
NIMS-GH-2400329,18 27 38.7,072 38 50.7,"18.460750, -72.647417",3/27/2019,Ti Cousin,Ae. aegypti,,S/S,R/R,R/R,,,,Yes,
NIMS-GH-2400330,18 27 38.7,072 38 50.7,"18.460750, -72.647417",3/27/2019,Ti Cousin,Ae. aegypti,,S/S,R/R,R/R,,,,Yes,
NIMS-GH-2400331,18 27 38.7,072 38 50.7,"18.460750, -72.647417",3/27/2019,Ti Cousin,Ae. aegypti,,S/S,S/R,R/R,,,,Yes,
NIMS-GH-2400332,18 27 39.4,072 39 14.6,"18.460944, -72.654056",3/13/2019,Ti Cousin,Ae. aegypti,Ae. aegypti,S/S,S/R,R/R,S/S,S/R,R/R,Yes,
NIMS-GH-2400333,18 27 39.4,072 39 14.6,"18.460944, -72.654056",3/13/2019,Ti Cousin,Ae. aegypti,Ae. aegypti,S/S,S/S,S/R,S/S,S/S,S/R,Yes,
NIMS-GH-2400334,18 27 39.4,072 39 14.6,"18.460944, -72.654056",3/13/2019,Ti Cousin,Ae. aegypti,Ae. aegypti,S/S,R/R,R/R,S/S,R/R,R/R,Yes,
NIMS-GH-2400335,18 27 39.4,072 39 14.6,"18.460944, -72.654056",3/13/2019,Ti Cousin,Ae. aegypti,Ae. aegypti,S/S,S/S,R/R,S/S,S/S,R/R,Yes,
NIMS-GH-2400336,18 27 39.4,072 39 14.6,"18.460944, -72.654056",3/13/2019,Ti Cousin,Ae. aegypti,Ae. aegypti,S/S,S/R,R/R,S/S,S/R,R/R,Yes,
NIMS-GH-2400337,18 31 21.3,072 23 16.3,"18.522583, -72.387861",3/20/2019,La Salle,Ae. aegypti,,S/S,R/R,R/R,,,,Yes,
NIMS-GH-2400338,18 31 21.3,072 23 16.3,"18.522583, -72.387861",3/19/2019,La Salle,Ae. aegypti,,S/S,S/R,R/R,,,,Yes,
NIMS-GH-2400339,18 31 21.3,072 23 16.3,"18.522583, -72.387861",3/20/2019,La Salle,Ae. aegypti,,S/S,R/R,R/R,,,,Yes,
NIMS-GH-2400340,18 31 21.3,072 23 16.3,"18.522583, -72.387861",3/20/2019,La Salle,Ae. aegypti,,S/S,R/R,R/R,,,,Yes,
NIMS-GH-2400341,18 28 27.05,072 32 34.41,"18.474194, -72.542889",2/4/2019,Janjan,Ae. aegypti,,S/S,R/R,R/R,,,,Yes,
NIMS-GH-2400342,18 31 21.3,072 23 16.3,"18.522583, -72.387861",1/29/2019,La Salle,Ae. aegypti,,S/S,S/R,R/R,,,,Yes,
NIMS-GH-2400343,18 31 21.3,072 23 16.3,"18.522583, -72.387861",1/29/2019,La Salle,Ae. aegypti,,S/S,S/S,R/R,,,,Yes,
NIMS-GH-2400344,18 31 21.3,072 23 16.3,"18.522583, -72.387861",1/29/2019,La Salle,Ae. aegypti,,S/S,R/R,R/R,,,,Yes,
NIMS-GH-2400345,18 31 21.3,072 23 16.3,"18.522583, -72.387861",1/29/2019,La Salle,Ae. aegypti,,S/S,R/R,R/R,,,,Yes,
NIMS-GH-2400346,18 27 38.8,072 38 50.7,"18.460778, -72.647417",11/14/2018,Ti Cousin,Ae. aegypti,,S/S,R/R,R/R,,,,Yes,
NIMS-GH-2400347,18 27 38.8,072 38 50.7,"18.460778, -72.647417",11/14/2018,Ti Cousin,Ae. aegypti,,S/S,R/R,R/R,,,,Yes,
NIMS-GH-2400348,18 27 38.8,072 38 50.7,"18.460778, -72.647417",11/14/2018,Ti Cousin,Ae. aegypti,,S/S,R/R,R/R,,,,Yes,
NIMS-GH-2400349,18 27 38.8,072 38 50.7,"18.460778, -72.647417",11/14/2018,Ti Cousin,Ae. aegypti,,S/S,R/R,R/R,,,,Yes,
NIMS-GH-2400350,18 27 38.8,072 38 50.7,"18.460778, -72.647417",11/13/2018,Ti Cousin,Ae. aegypti,,S/S,R/R,R/R,,,,Yes,
NIMS-GH-2400351,18 27 38.8,072 38 50.7,"18.460778, -72.647417",11/13/2018,Ti Cousin,Ae. aegypti,,S/S,R/R,R/R,,,,Yes,
NIMS-GH-2400352,18 27 38.8,072 38 50.7,"18.460778, -72.647417",11/13/2018,Ti Cousin,Ae. aegypti,,S/S,R/R,R/R,,,,Yes,
NIMS-GH-2400353,18 27 38.8,072 38 50.7,"18.460778, -72.647417",11/13/2018,Ti Cousin,Ae. aegypti,,S/S,R/R,R/R,,,,Yes,
NIMS-GH-2400354,18 27 38.8,072 38 50.7,"18.460778, -72.647417",11/13/2018,Ti Cousin,Ae. aegypti,,S/S,R/R,R/R,,,,Yes,
NIMS-GH-2400355,18 27 38.8,072 38 50.7,"18.460778, -72.647417",11/13/2018,Ti Cousin,Ae. aegypti,,S/S,R/R,R/R,,,,Yes,
NIMS-GH-2400356,18 27 38.8,072 38 50.7,"18.460778, -72.647417",11/13/2018,Ti Cousin,Ae. aegypti,,S/S,S/R,R/R,,,,Yes,
NIMS-GH-2400357,18 27 38.8,072 38 50.7,"18.460778, -72.647417",11/13/2018,Ti Cousin,Ae. aegypti,,S/S,S/R,R/R,,,,Yes,
NIMS-GH-2400358,18 31 21.3,072 23 16.3,"18.522583, -72.387861",11/5/2018,La Salle,Ae. aegypti,,S/S,R/R,R/R,,,,Yes,
NIMS-GH-2400359,18 31 21.3,072 23 16.3,"18.522583, -72.387861",11/5/2018,La Salle,Ae. aegypti,,S/S,S/R,S/R,,,,Yes,
NIMS-GH-2400360,18 31 21.3,072 23 16.3,"18.522583, -72.387861",11/26/2018,La Salle,Ae. aegypti,,S/S,R/R,R/R,,,,Yes,
NIMS-GH-2400361,18 27 38.8,072 38 50.7,"18.460778, -72.647417",11/12/2018,Ti Cousin,Ae. aegypti,,S/S,R/R,R/R,,,,Yes,
NIMS-GH-2400362,18 27 38.8,072 38 50.7,"18.460778, -72.647417",11/14/2018,Ti Cousin,Ae. aegypti,,S/S,S/R,R/R,,,,Yes,
NIMS-GH-2400363,18 31 21.3,072 23 16.3,"18.522583, -72.387861",11/28/2018,La Salle,Ae. aegypti,,S/S,R/R,R/R,,,,Yes,
NIMS-GH-2400364,18 27 38.8,072 38 50.7,"18.460778, -72.647417",11/13/2018,Ti Cousin,Ae. aegypti,,S/S,R/R,R/R,,,,Yes,
NIMS-GH-2400365,18 27 38.8,072 38 50.7,"18.460778, -72.647417",11/13/2018,Ti Cousin,Ae. aegypti,,S/S,S/R,R/R,,,,Yes,
NIMS-GH-2400366,18 27 38.8,072 38 50.7,"18.460778, -72.647417",11/13/2018,Ti Cousin,Ae. aegypti,,S/S,S/R,R/R,,,,Yes,
NIMS-GH-2400367,18 27 38.8,072 38 50.7,"18.460778, -72.647417",11/13/2018,Ti Cousin,Ae. aegypti,,S/S,S/R,R/R,,,,Yes,
NIMS-GH-2400368,18 27 38.8,072 38 50.7,"18.460778, -72.647417",11/13/2018,Ti Cousin,Ae. aegypti,,S/S,R/R,R/R,,,,Yes,
NIMS-GH-2400369,18 31 21.3,072 23 16.3,"18.522583, -72.387861",11/27/2018,La Salle,Ae. aegypti,,S/S,R/R,R/R,,,,Yes,
NIMS-GH-2400370,18 31 21.3,072 23 16.3,"18.522583, -72.387861",11/27/2018,La Salle,Ae. aegypti,,S/S,R/R,R/R,,,,Yes,
NIMS-GH-2400371,18 27 38.7,072 38 50.7,"18.460750, -72.647417",9/12/2018,Ti Cousin,Ae. aegypti,,S/S,R/R,R/R,,,,Yes,
NIMS-GH-2400372,18 27 38.7,072 38 50.7,"18.460750, -72.647417",9/12/2018,Ti Cousin,Ae. aegypti,,S/S,S/R,R/R,,,,Yes,
NIMS-GH-2400373,18 31 21.3,072 23 16.3,"18.522583, -72.387861",6/18/2019,La Salle,Ae. aegypti,,S/S,R/R,R/R,,,,Yes,
NIMS-GH-2400374,18 31 21.3,072 23 16.3,"18.522583, -72.387861",6/18/2019,La Salle,Ae. aegypti,,S/S,R/R,R/R,,,,Yes,
NIMS-GH-2400375,18 31 21.3,072 23 16.3,"18.522583, -72.387861",6/18/2019,La Salle,Ae. aegypti,,S/S,R/R,R/R,,,,Yes,
NIMS-GH-2400376,18 31 21.3,072 23 16.3,"18.522583, -72.387861",6/18/2019,La Salle,Ae. aegypti,,S/S,R/R,R/R,,,,Yes,
NIMS-GH-2400377,18 31 21.3,072 23 16.3,"18.522583, -72.387861",6/18/2019,La Salle,Ae. aegypti,,S/S,R/R,R/R,,,,Yes,
NIMS-GH-2400378,18 31 21.3,072 23 16.3,"18.522583, -72.387861",6/18/2019,La Salle,Ae. aegypti,,S/S,R/R,R/R,,,,Yes,
NIMS-GH-2400379,18 31 21.3,072 23 16.3,"18.522583, -72.387861",6/18/2019,La Salle,Ae. aegypti,,S/S,R/R,R/R,,,,Yes,
NIMS-GH-2400380,18 31 21.3,072 23 16.3,"18.522583, -72.387861",6/18/2019,La Salle,Ae. aegypti,,S/S,R/R,R/R,,,,Yes,
NIMS-GH-2400381,18 27 38.7,072 38 50.7,"18.460750, -72.647417",7/24/2019,Ti Cousin,Ae. aegypti,,S/S,R/R,R/R,,,,Yes,
NIMS-GH-2400382,18 27 38.7,072 38 50.7,"18.460750, -72.647417",7/24/2019,Ti Cousin,Ae. aegypti,,S/S,R/R,R/R,,,,Yes,
NIMS-GH-2400383,18 27 38.7,072 38 50.7,"18.460750, -72.647417",7/24/2019,Ti Cousin,Ae. aegypti,,S/S,R/R,R/R,,,,Yes,
NIMS-GH-2400384,18 27 38.7,072 38 50.7,"18.460750, -72.647417",6/24/2019,Ti Cousin,Ae. aegypti,,S/S,S/R,R/R,,,,Yes,
NIMS-GH-2400385,18 27 38.7,072 38 50.7,"18.460750, -72.647417",6/24/2019,Ti Cousin,Ae. aegypti,,S/S,R/R,R/R,,,,Yes,
NIMS-GH-2400386,18 27 38.7,072 38 50.7,"18.460750, -72.647417",6/24/2019,Ti Cousin,Ae. aegypti,,S/S,R/R,R/R,,,,Yes,
NIMS-GH-2400387,18 27 38.7,072 38 50.7,"18.460750, -72.647417",6/24/2019,Ti Cousin,Ae. aegypti,,S/S,R/R,R/R,,,,Yes,
NIMS-GH-2400388,18 28 27.05,072 32 34.41,"18.474194, -72.542889",6/10/2019,Janjan,Ae. aegypti,,S/S,R/R,R/R,,,,Yes,
NIMS-GH-2400389,18 28 27.05,072 32 34.41,"18.474194, -72.542889",6/10/2019,Janjan,Ae. aegypti,,S/S,R/R,R/R,,,,Yes,
NIMS-GH-2400390,18 28 27.05,072 32 34.41,"18.474194, -72.542889",6/10/2019,Janjan,Ae. aegypti,,S/S,R/R,R/R,,,,Yes,
NIMS-GH-2400391,18 28 27.05,072 32 34.41,"18.474194, -72.542889",6/10/2019,Janjan,Ae. aegypti,,S/S,R/R,R/R,,,,Yes,
NIMS-GH-2400392,18 31 21.3,072 23 16.3,"18.522583, -72.387861",6/3/2019,La Salle,Ae. aegypti,,S/S,S/R,R/R,,,,Yes,
NIMS-GH-2400393,18 31 21.3,072 23 16.3,"18.522583, -72.387861",6/3/2019,La Salle,Ae. aegypti,,S/S,R/R,R/R,,,,Yes,
NIMS-GH-2400394,18 31 21.3,072 23 16.3,"18.522583, -72.387861",6/3/2019,La Salle,Ae. aegypti,,S/S,S/R,R/R,,,,Yes,
NIMS-GH-2400395,18 31 21.3,072 23 16.3,"18.522583, -72.387861",6/3/2019,La Salle,Ae. aegypti,,S/S,R/R,R/R,,,,Yes,
NIMS-GH-2400396,18 31 21.3,072 23 16.3,"18.522583, -72.387861",6/3/2019,La Salle,Ae. aegypti,,S/S,R/R,R/R,,,,Yes,
NIMS-GH-2400397,18 31 21.3,072 23 16.3,"18.522583, -72.387861",6/3/2019,La Salle,Ae. aegypti,,S/S,R/R,R/R,,,,Yes,
NIMS-GH-2400398,18 31 21.3,072 23 16.3,"18.522583, -72.387861",6/3/2019,La Salle,Ae. aegypti,,S/S,S/R,R/R,,,,Yes,
NIMS-GH-2400399,18 31 21.3,072 23 16.3,"18.522583, -72.387861",6/3/2019,La Salle,Ae. aegypti,,S/S,R/R,R/R,,,,Yes,
NIMS-GH-2400400,18 27 38.8,072 38 50.7,"18.460778, -72.647417",1/15/2019,Ti Cousin,Ae. aegypti,,S/S,R/R,R/R,,,,Yes,
NIMS-GH-2400401,18 27 38.8,072 38 50.7,"18.460778, -72.647417",1/15/2019,Ti Cousin,Ae. aegypti,,S/S,S/R,R/R,,,,Yes,
NIMS-GH-2400402,18 27 38.8,072 38 50.7,"18.460778, -72.647417",1/15/2019,Ti Cousin,Ae. aegypti,,S/S,R/R,R/R,,,,Yes,
NIMS-GH-2400403,18 27 38.8,072 38 50.7,"18.460778, -72.647417",12/26/2018,Ti Cousin,Ae. aegypti,,S/S,S/S,R/R,,,,Yes,
NIMS-GH-2400404,18 27 39.4,072 39 14.6,"18.460944, -72.654056",2/20/2019,Ti Cousin,Ae. aegypti,Ae. aegypti,S/S,R/R,R/R,S/S,R/R,R/R,Yes,
NIMS-GH-2400405,18 27 39.4,072 39 14.6,"18.460944, -72.654056",2/20/2019,Ti Cousin,Ae. aegypti,Ae. aegypti,S/S,R/R,R/R,S/S,R/R,R/R,Yes,
NIMS-GH-2400406,18 27 39.4,072 39 14.6,"18.460944, -72.654056",2/19/2019,Ti Cousin,Ae. aegypti,Ae. aegypti,S/S,R/R,R/R,S/S,R/R,R/R,Yes,
NIMS-GH-2400407,18 27 39.4,072 39 14.6,"18.460944, -72.654056",2/19/2019,Ti Cousin,Ae. aegypti,Ae. aegypti,S/S,R/R,R/R,S/S,S/R,R/R,Yes,V1016I is only 79% mutant
NIMS-GH-2400408,18 27 39.4,072 39 14.6,"18.460944, -72.654056",2/19/2019,Ti Cousin,Ae. aegypti,Ae. aegypti,S/S,R/R,R/R,S/S,R/R,R/R,Yes,
NIMS-GH-2400409,18 27 39.4,072 39 14.6,"18.460944, -72.654056",2/19/2019,Ti Cousin,Ae. aegypti,Ae. aegypti,S/S,R/R,R/R,S/S,R/R,R/R,Yes,
NIMS-GH-2400410,18 27 38.8,072 38 50.7,"18.460778, -72.647417",1/16/2019,Ti Cousin,Ae. aegypti,,S/S,R/R,R/R,,,,Yes,
NIMS-GH-2400411,18 27 38.8,072 38 50.7,"18.460778, -72.647417",1/16/2019,Ti Cousin,Ae. aegypti,,S/S,R/R,R/R,,,,Yes,
NIMS-GH-2400412,18 27 38.8,072 38 50.7,"18.460778, -72.647417",1/16/2019,Ti Cousin,Ae. aegypti,,S/S,R/R,R/R,,,,Yes,
NIMS-GH-2400413,18 27 38.8,072 38 50.7,"18.460778, -72.647417",1/16/2019,Ti Cousin,Ae. aegypti,,S/S,R/R,R/R,,,,Yes,
NIMS-GH-2400414,18 27 38.8,072 38 50.7,"18.460778, -72.647417",1/16/2019,Ti Cousin,Ae. aegypti,,S/S,R/R,R/R,,,,Yes,
NIMS-GH-2400415,18 27 38.8,072 38 50.7,"18.460778, -72.647417",1/16/2019,Ti Cousin,Ae. aegypti,,S/S,R/R,R/R,,,,Yes,
NIMS-GH-2400416,18 27 38.8,072 38 50.7,"18.460778, -72.647417",1/16/2019,Ti Cousin,Ae. aegypti,,S/S,R/R,R/R,,,,Yes,
NIMS-GH-2400417,18 27 38.8,072 38 50.7,"18.460778, -72.647417",1/16/2019,Ti Cousin,Ae. aegypti,,S/S,R/R,R/R,,,,Yes,
NIMS-GH-2400418,18 27 39.4,072 39 14.6,"18.460944, -72.654056",2/19/2019,Ti Cousin,Ae. aegypti,Ae. aegypti,S/S,R/R,R/R,S/S,R/R,R/R,Yes,
NIMS-GH-2400419,18 27 39.4,072 39 14.6,"18.460944, -72.654056",2/19/2019,Ti Cousin,Ae. aegypti,Ae. aegypti,S/S,R/R,R/R,S/S,R/R,R/R,Yes,
NIMS-GH-2400420,18 27 39.4,072 39 14.6,"18.460944, -72.654056",2/19/2019,Ti Cousin,Ae. aegypti,Ae. aegypti,S/S,R/R,R/R,S/S,R/R,R/R,Yes,
NIMS-GH-2400421,18 27 39.4,072 39 14.6,"18.460944, -72.654056",2/19/2019,Ti Cousin,Ae. aegypti,Ae. aegypti,S/S,R/R,R/R,S/S,R/R,R/R,Yes,
NIMS-GH-2400422,18 27 39.4,072 39 14.6,"18.460944, -72.654056",2/19/2019,Ti Cousin,Ae. aegypti,Ae. aegypti,S/S,R/R,R/R,S/S,R/R,R/R,Yes,
NIMS-GH-2400423,18 27 38.8,072 38 50.7,"18.460778, -72.647417",1/15/2019,Ti Cousin,Ae. aegypti,,S/S,R/R,R/R,,,,Yes,
NIMS-GH-2400424,18 27 38.8,072 38 50.7,"18.460778, -72.647417",1/14/2019,Ti Cousin,Ae. aegypti,,S/S,R/R,R/R,,,,Yes,
NIMS-GH-2400425,18 27 38.8,072 38 50.7,"18.460778, -72.647417",1/14/2019,Ti Cousin,Ae. aegypti,,S/S,S/R,R/R,,,,Yes,
NIMS-GH-2400426,18 27 39.4,072 39 14.6,"18.460944, -72.654056",2/18/2019,Ti Cousin,Ae. aegypti,Ae. aegypti,S/S,R/R,R/R,S/S,S/R,R/R,Yes,V1016I is only 85% mutant
NIMS-GH-2400427,18 31 21.3,072 23 16.3,"18.522583, -72.387861",1/9/2019,La Salle,Ae. aegypti,,S/S,S/R,R/R,,,,,
NIMS-GH-2400428,18 31 21.3,072 23 16.3,"18.522583, -72.387861",1/9/2019,La Salle,Ae. aegypti,,S/S,S/R,R/R,,,,,
NIMS-GH-2400429,18 27 38.8,072 38 50.7,"18.460778, -72.647417",12/27/2018,Ti Cousin,Ae. aegypti,,S/S,S/R,R/R,,,,,
NIMS-GH-2400430,18 27 38.8,072 38 50.7,"18.460778, -72.647417",12/26/2018,Ti Cousin,Ae. aegypti,,S/S,S/R,R/R,,,,,
NIMS-GH-2400431,18 31 21.3,072 23 16.3,"18.522583, -72.387861",3/19/2019,La Salle,Ae. aegypti,,S/S,R/R,R/R,,,,,
NIMS-GH-2400432,18 31 21.3,072 23 16.3,"18.522583, -72.387861",3/19/2019,La Salle,Ae. aegypti,,S/S,R/R,R/R,,,,,
NIMS-GH-2400433,18 31 21.3,072 23 16.3,"18.522583, -72.387861",3/4/2019,La Salle,Ae. aegypti,,S/S,R/R,R/R,,,,,
NIMS-GH-2400434,18 27 38.8,072 38 50.7,"18.460778, -72.647417",12/27/2018,Ti Cousin,Ae. aegypti,,S/S,S/R,R/R,,,,,
NIMS-GH-2400435,18 27 38.8,072 38 50.7,"18.460778, -72.647417",12/27/2018,Ti Cousin,Ae. aegypti,,S/S,R/R,R/R,,,,,
NIMS-GH-2400436,18 27 38.8,072 38 50.7,"18.460778, -72.647417",12/27/2018,Ti Cousin,Ae. aegypti,,S/S,S/R,R/R,,,,,
NIMS-GH-2400437,18 31 21.3,072 23 16.3,"18.522583, -72.387861",2/4/2019,La Salle,Ae. aegypti,,S/S,R/R,R/R,,,,,
NIMS-GH-2400438,18 31 21.3,072 23 16.3,"18.522583, -72.387861",2/4/2019,La Salle,Ae. aegypti,,S/S,R/R,R/R,,,,,
NIMS-GH-2400439,18 31 21.3,072 23 16.3,"18.522583, -72.387861",2/4/2019,La Salle,Ae. aegypti,,S/S,R/R,R/R,,,,,
NIMS-GH-2400440,18 31 21.3,072 23 16.3,"18.522583, -72.387861",2/4/2019,La Salle,Ae. aegypti,,S/S,S/R,R/R,,,,,
NIMS-GH-2400441,18 27 38.7,072 38 50.7,"18.460750, -72.647417",9/12/2018,Ti Cousin,Ae. aegypti,,S/S,R/R,R/R,,,,,
NIMS-GH-2400442,18 27 38.7,072 38 50.7,"18.460750, -72.647417",9/12/2018,Ti Cousin,Ae. aegypti,,S/S,R/R,R/R,,,,,
NIMS-GH-2400443,18 27 38.7,072 38 50.7,"18.460750, -72.647417",9/12/2018,Ti Cousin,Ae. aegypti,,S/S,S/R,R/R,,,,,
NIMS-GH-2400444,18 27 38.7,072 38 50.7,"18.460750, -72.647417",9/12/2018,Ti Cousin,Ae. aegypti,,S/S,R/R,R/R,,,,,
NIMS-GH-2400445,18 27 38.7,072 38 50.7,"18.460750, -72.647417",9/12/2018,Ti Cousin,Ae. aegypti,Ae. aegypti,S/S,R/R,R/R,S/S,R/R,R/R,,
NIMS-GH-2400446,18 31 21.3,072 23 16.3,"18.522583, -72.387861",1/28/2019,La Salle,Ae. aegypti,,S/S,R/R,R/R,,,,,
NIMS-GH-2400447,18 31 21.3,072 23 16.3,"18.522583, -72.387861",2/25/2019,La Salle,Ae. aegypti,,S/S,R/R,R/R,,,,,
NIMS-GH-2400448,18 31 21.3,072 23 16.3,"18.522583, -72.387861",2/25/2019,La Salle,Ae. aegypti,,S/S,R/R,R/R,,,,,
NIMS-GH-2400449,18 31 21.3,072 23 16.3,"18.522583, -72.387861",12/3/2018,La Salle,Ae. aegypti,,S/S,R/R,R/R,,,,,
NIMS-GH-2400450,18 27 39.4,072 39 14.6,"18.460944, -72.654056",2/18/2019,Ti Cousin,Ae. aegypti,,S/S,S/R,R/R,,,,,
NIMS-GH-2400451,18 31 21.3,072 23 16.3,"18.522583, -72.387861",12/4/2019,La Salle,Ae. aegypti,,S/S,S/R,R/R,,,,,"Date is inconsistent with sampling regime. This observation is included only in spatial analyses but is omitted from temporal analyses for this reason. IAPS Dec 5, 2025"
NIMS-GH-2400452,18 27 38.8,072 38 50.7,"18.460778, -72.647417",1/14/2019,Ti Cousin,Ae. aegypti,Ae. aegypti,S/S,R/R,R/R,S/S,R/R,R/R,,
NIMS-GH-2400453,18 27 38.7,072 38 50.7,"18.460750, -72.647417",9/11/2018,Ti Cousin,Ae. aegypti,,S/S,R/R,R/R,,,,,
NIMS-GH-2400454,18 27 38.7,072 38 50.7,"18.460750, -72.647417",9/11/2018,Ti Cousin,Ae. aegypti,,S/S,R/R,R/R,,,,,
NIMS-GH-2400455,18 27 38.7,072 38 50.7,"18.460750, -72.647417",9/10/2018,Ti Cousin,Ae. aegypti,,S/S,S/R,S/R,,,,,
NIMS-GH-2400456,18 27 38.7,072 38 50.7,"18.460750, -72.647417",9/11/2018,Ti Cousin,Ae. aegypti,,S/S,R/R,R/R,,,,,
NIMS-GH-2400457,18 27 38.7,072 38 50.7,"18.460750, -72.647417",9/11/2018,Ti Cousin,Ae. aegypti,,S/S,R/R,R/R,,,,,
NIMS-GH-2400458,18 27 38.7,072 38 50.7,"18.460750, -72.647417",9/11/2018,Ti Cousin,Ae. aegypti,Ae. aegypti,S/S,R/R,R/R,S/S,R/R,R/R,,
NIMS-GH-2400459,18 27 38.7,072 38 50.7,"18.460750, -72.647417",5/29/2019,Ti Cousin,Ae. aegypti,,S/S,R/R,R/R,,,,,
NIMS-GH-2400460,18 27 38.7,072 38 50.7,"18.460750, -72.647417",7/23/2019,Ti Cousin,Ae. aegypti,,S/S,R/R,R/R,,,,,
NIMS-GH-2400461,18 28 27.05,072 32 34.41,"18.474194, -72.542889",8/6/2019,Janjan,Ae. aegypti,,S/S,R/R,R/R,,,,,
NIMS-GH-2400462,18 28 27.05,072 32 34.41,"18.474194, -72.542889",8/6/2019,Janjan,Ae. aegypti,,S/S,R/R,R/R,,,,,
NIMS-GH-2400463,18 27 38.7,072 38 50.7,"18.460750, -72.647417",7/24/2019,Ti Cousin,Ae. aegypti,,S/S,R/R,R/R,,,,,
NIMS-GH-2400464,18 27 38.7,072 38 50.7,"18.460750, -72.647417",7/24/2019,Ti Cousin,Ae. aegypti,,S/S,S/R,R/R,,,,,
NIMS-GH-2400465,18 27 38.7,072 38 50.7,"18.460750, -72.647417",7/24/2019,Ti Cousin,Ae. aegypti,,S/S,R/R,R/R,,,,,
NIMS-GH-2400466,18 27 38.7,072 38 50.7,"18.460750, -72.647417",7/24/2019,Ti Cousin,Ae. aegypti,,S/S,R/R,R/R,,,,,
NIMS-GH-2400467,18 27 38.7,072 38 50.7,"18.460750, -72.647417",10/8/2018,Ti Cousin,Ae. aegypti,Ae. aegypti,S/S,R/R,R/R,S/S,R/R,R/R,,
NIMS-GH-2400468,18 27 38.7,072 38 50.7,"18.460750, -72.647417",10/8/2018,Ti Cousin,Ae. aegypti,Ae. aegypti,S/S,R/R,R/R,S/S,R/R,R/R,,
NIMS-GH-2400469,18 27 38.7,072 38 50.7,"18.460750, -72.647417",10/8/2018,Ti Cousin,Ae. aegypti,Ae. aegypti,S/S,R/R,R/R,S/S,R/R,R/R,,
NIMS-GH-2400470,18 27 38.7,072 38 50.7,"18.460750, -72.647417",7/30/2019,Ti Cousin,Ae. aegypti,Ae. aegypti,S/S,S/R,R/R,S/S,S/R,R/R,,
NIMS-GH-2400471,18 27 38.7,072 38 50.7,"18.460750, -72.647417",7/30/2019,Ti Cousin,Ae. aegypti,Ae. aegypti,S/S,R/R,R/R,S/S,R/R,R/R,,
NIMS-GH-2400472,18 27 38.7,072 38 50.7,"18.460750, -72.647417",7/30/2019,Ti Cousin,Ae. aegypti,,S/S,R/R,R/R,,,,,
NIMS-GH-2400473,18 27 38.7,072 38 50.7,"18.460750, -72.647417",7/30/2019,Ti Cousin,Ae. aegypti,,S/S,R/R,R/R,,,,,
NIMS-GH-2400474,18 31 21.3,072 23 16.3,"18.522583, -72.387861",7/3/2019,La Salle,Ae. aegypti,,S/S,R/R,R/R,,,,,
NIMS-GH-2400475,18 31 21.3,072 23 16.3,"18.522583, -72.387861",7/3/2019,La Salle,Ae. aegypti,,S/S,R/R,R/R,,,,,
NIMS-GH-2400476,18 31 21.3,072 23 16.3,"18.522583, -72.387861",7/3/2019,La Salle,Ae. aegypti,,S/S,S/R,R/R,,,,,
NIMS-GH-2400477,18 27 38.7,072 38 50.7,"18.460750, -72.647417",7/24/2019,Ti Cousin,Ae. aegypti,,S/S,R/R,R/R,,,,,
NIMS-GH-2400478,18 27 38.7,072 38 50.7,"18.460750, -72.647417",7/24/2019,Ti Cousin,Ae. aegypti,,S/S,R/R,R/R,,,,,
NIMS-GH-2400479,18 27 38.7,072 38 50.7,"18.460750, -72.647417",7/23/2019,Ti Cousin,Ae. aegypti,,S/S,R/R,R/R,,,,,
NIMS-GH-2400480,18 27 38.7,072 38 50.7,"18.460750, -72.647417",7/23/2019,Ti Cousin,Ae. aegypti,,S/S,R/R,R/R,,,,,
